﻿<?xml version="1.0" encoding="utf-8"?>
<Package xmlns="http://schemas.microsoft.com/appx/manifest/foundation/windows10" xmlns:mp="http://schemas.microsoft.com/appx/2014/phone/manifest" xmlns:uap="http://schemas.microsoft.com/appx/manifest/uap/windows10" IgnorableNamespaces="uap mp build" xmlns:build="http://schemas.microsoft.com/developer/appx/2015/build">
  <!--
    このパッケージ マニフェスト ファイルは、ビルド処理で生成されたものです。

    このファイルに対する変更は、ファイルを再生成すると失われます。このファイルのエラーを修正するには、ソースの .appxmanifest ファイルを編集してください。

    パッケージ マニフェスト ファイルの詳細については、http://go.microsoft.com/fwlink/?LinkID=241727 を参照してください
  -->
  <Identity Name="967c6b9c-46b1-44af-a4dc-d56081e6fc62" Publisher="CN=soresore soreda" Version="1.0.0.0" ProcessorArchitecture="x86" />
  <mp:PhoneIdentity PhoneProductId="967c6b9c-46b1-44af-a4dc-d56081e6fc62" PhonePublisherId="00000000-0000-0000-0000-000000000000" />
  <Properties>
    <DisplayName>App7</DisplayName>
    <PublisherDisplayName>soresore soreda</PublisherDisplayName>
    <Logo>Assets\StoreLogo.png</Logo>
  </Properties>
  <Dependencies>
    <TargetDeviceFamily Name="Windows.Universal" MinVersion="10.0.10586.0" MaxVersionTested="10.0.16299.0" />
    <PackageDependency Name="Microsoft.VCLibs.140.00.Debug" MinVersion="14.0.25830.2" Publisher="CN=Microsoft Corporation, O=Microsoft Corporation, L=Redmond, S=Washington, C=US" />
  </Dependencies>
  <Resources>
    <Resource Language="JA-JP" />
  </Resources>
  <Applications>
    <Application Id="App" Executable="App7.exe" EntryPoint="App7.App">
      <uap:VisualElements DisplayName="App7" Square150x150Logo="Assets\Square150x150Logo.png" Square44x44Logo="Assets\Square44x44Logo.png" Description="App7" BackgroundColor="transparent">
        <uap:DefaultTile Wide310x150Logo="Assets\Wide310x150Logo.png" />
        <uap:SplashScreen Image="Assets\SplashScreen.png" />
      </uap:VisualElements>
    </Application>
  </Applications>
  <Capabilities>
    <Capability Name="internetClient" />
  </Capabilities>
  <build:Metadata>
    <build:Item Name="cl.exe" Version="19.12.25835.0 built by: VCTOOLSD15ULDR" />
    <build:Item Name="VisualStudio" Version="15.0" />
    <build:Item Name="VisualStudioEdition" Value="Microsoft Visual Studio Community 2017" />
    <build:Item Name="OperatingSystem" Version="10.0.16299.15 (WinBuild.160101.0800)" />
    <build:Item Name="Microsoft.Build.AppxPackage.dll" Version="15.0.27128.1" />
    <build:Item Name="ProjectGUID" Value="{99c27cfb-6787-4af0-aef5-e7456e9ef3da}" />
    <build:Item Name="OptimizingToolset" Value="None" />
    <build:Item Name="TargetRuntime" Value="Native" />
    <build:Item Name="Microsoft.Windows.UI.Xaml.Build.Tasks.dll" Version="15.0.27128.1" />
    <build:Item Name="MakePri.exe" Version="10.0.16299.91 (WinBuild.160101.0800)" />
  </build:Metadata>
</Package>